Question,Answer
Tell me about yourself.,"I have experience in digital marketing, social media, and campaign planning, and I enjoy using data to drive brand growth."
What interests you about this marketing role?,I like the company's brand direction and want to contribute creative ideas and data-driven strategies.
How do you define marketing?,"Marketing is understanding customer needs and delivering value through products, messaging, and experiences."
What are the 4Ps of marketing?,"Product, Price, Place, and Promotion."
What is a target audience?,A specific group of people most likely to be interested in a product or service.
Explain SEO in simple terms.,SEO means optimizing content so search engines rank it higher to increase visibility.
What marketing tools do you use?,"I use tools like Google Analytics, Canva, Meta Ads Manager, Mailchimp, and SEO tools."
How do you measure a campaign?€?s success?,"I track KPIs such as reach, clicks, conversions, cost per lead, and ROI."
Describe a successful campaign you worked on.,"I optimized social media ads, improved content, and increased lead generation/results."
How do you stay updated with marketing trends?,"I follow marketing blogs, newsletters, social media experts, and take online courses."
What is content marketing?,"Creating valuable content to attract, engage, and retain customers."
How do you handle tight deadlines?,"I prioritize tasks, create a timeline, and communicate clearly with the team."
What is brand positioning?,How a brand is perceived in the customer's mind compared to competitors.
What is A/B testing?,Testing two versions of content or ads to see which performs better.
What is PPC advertising?,Pay-per-click ads where advertisers pay when users click their ads.
How do you handle negative feedback online?,"I respond calmly, thank the user, address the issue, and offer a solution."
What social media platforms do you use for marketing?,"Platforms like Facebook, Instagram, TikTok, LinkedIn, and YouTube."
What makes good marketing content?,"It's clear, engaging, relevant, and aligned with customer needs."
Explain customer segmentation.,"Dividing customers into groups based on demographics, behavior, or interests."
What is a marketing funnel?,"A journey from awareness to purchase: awareness, interest, consideration, and conversion."
How do you generate leads?,"Through ads, landing pages, social media campaigns, email marketing, and SEO."
What is influencer marketing?,Collaborating with influencers to promote a brand to their followers.
Describe your design skills.,I use Canva or similar tools to create simple and clean marketing visuals.
What is remarketing?,Showing ads to people who already visited a website or interacted with content.
What is ROI in marketing?,"Return on investment, measuring how much revenue a campaign generates vs. cost."
How do you write a good caption?,"Make it short, relevant, include value, and add a strong call-to-action."
How do you decide which channel to use for a campaign?,Based on where the target audience is most active and the campaign goals.
What is brand consistency?,"Ensuring the same style, tone, and message across all marketing materials."
What is conversion rate?,"The percentage of people who complete a desired action, like signing up or buying."
Describe a time you handled a difficult client.,"I listened to their concerns, offered data-based solutions, and aligned expectations."
What is your experience with email marketing?,"I create newsletters, automate emails, segment lists, and track open/click rates."
What makes a good landing page?,"Clear headline, strong visuals, simple form, benefits, and a single CTA."
What is competitor analysis?,"Researching competitors?€? strengths, weaknesses, and strategies."
What is marketing automation?,"Using tools to automate repetitive tasks like emails, scheduling, and lead scoring."
How would you increase brand awareness?,"Through social media, ads, partnerships, SEO, and consistent content."
What KPI do you use for social media?,"Engagement rate, reach, impressions, link clicks, and follower growth."
What is the difference between reach and impressions?,Reach is unique viewers; impressions are total views including repeats.
How do you plan monthly content?,"I create a content calendar with themes, goals, and posting schedules."
What is storytelling in marketing?,Using narratives to connect emotionally with customers.
What value can you bring to our marketing team?,"Creativity, analytical skills, and a strong understanding of digital platforms."
How do you approach creating a campaign?,"I define the target, set objectives, choose channels, design content, and track results."
What is Google Analytics used for?,"To track website traffic, user behavior, and campaign performance."
What is a call-to-action (CTA)?,"A prompt encouraging users to take action, like 'Sign Up' or 'Learn More'."
How do you improve engagement on social media?,"I create interactive posts, use trends, reply quickly, and post consistently."
What is your experience with paid ads?,"I manage basic ad setups, target audience selection, budgeting, and performance monitoring."
What is brand loyalty?,When customers repeatedly choose a brand because they trust and like it.
What motivates customers to buy?,"Need, value, trust, recommendations, emotional appeal, and good experiences."
Why should we hire you for this marketing role?,"I bring creativity, digital skills, and a strong drive to help the brand grow."
