"Question","Answer"
"Tell me about yourself as a UI/UX designer.","I design clean, user-centered interfaces and focus on solving user problems through research and prototyping."
"What tools do you use for design?","I commonly use Figma, Adobe XD, Sketch, and tools like Miro for research."
"What is the difference between UI and UX?","UI is the visual design; UX is the overall user journey and experience."
"Describe your design process.","I start with research, define problems, sketch ideas, prototype, test with users, and refine based on feedback."
"What is user research?","Understanding user needs, behaviors, and pain points through interviews, surveys, and testing."
"How do you handle feedback on your designs?","I welcome it, evaluate the reasoning, and adjust if it improves user experience."
"What makes a good UI design?","Clean layout, clear hierarchy, consistency, accessibility, and meaningful visuals."
"What is a wireframe?","A low-fidelity outline showing the structure of a screen or page."
"What is a prototype?","An interactive version of a design used to test user flow and interactions."
"Describe a project you are proud of.","I improved a product’s UX by redesigning the flow, which reduced user steps and increased usability."
"What is usability testing?","Testing designs with real users to identify issues and improve the experience."
"How do you ensure consistency in design?","Using design systems, reusable components, and style guides."
"What is a design system?","A collection of components, rules, and styles that keep design consistent."
"How do you handle design handoff to developers?","I ensure components are labeled, provide specs, and communicate clearly on interactions."
"What is responsive design?","Design that adapts to different screen sizes and devices."
"What is accessibility in design?","Designing so everyone, including people with disabilities, can use the product."
"How do you prioritize user needs?","Using research insights, user pain points, and business goals to decide priorities."
"What is a persona?","A fictional user profile that represents the target audience."
"How do you approach solving a UX problem?","Understand the problem, explore solutions, test ideas, and refine the best one."
"What is information architecture?","Organizing content so users can find information easily."
"How do you measure UX success?","Using metrics like task completion, user satisfaction, reduced errors, and engagement."
"What typography rules do you follow?","Readable sizes, proper hierarchy, consistent styles, and good contrast."
"What is heuristic evaluation?","Evaluating a design based on usability principles like Nielsen’s heuristics."
"How do you make designs more accessible?","Use proper contrast, clear labels, keyboard navigation, and alt text."
"What is a journey map?","A visual map showing the user's steps, emotions, and pain points."
"What is a user flow?","A diagram showing the steps a user takes to complete a task."
"What common UI mistakes do you avoid?","Too much text, poor spacing, inconsistent styles, and unclear CTAs."
"What layout rules do you follow?","Grid systems, proper alignment, visual hierarchy, and whitespace."
"What is a CTA button?","A button that encourages user action, such as 'Sign Up' or 'Next'."
"What is UX writing?","Writing clear, simple text that guides users through the interface."
"How do you use feedback from stakeholders?","I listen, filter based on user value, and align decisions with UX principles."
"What is low-fidelity vs high-fidelity?","Low-fi is simple sketches; high-fi is polished final designs."
"What do you do when a client disagrees with your design?","I explain my design reasoning, show user research, and find a compromise."
"What is a moodboard?","A visual collection of colors, styles, and inspirations used to define design direction."
"What are micro-interactions?","Small animations or responses that enhance user feedback, like button presses."
"How do you choose colors for a UI?","Based on brand identity, contrast rules, and visual hierarchy."
"Describe a UX challenge you solved.","I simplified navigation by reducing the menu items and grouping related features."
"What is Figma Auto Layout?","A feature that allows elements to dynamically resize and reposition automatically."
"What is card sorting?","A UX method to understand how users categorize information."
"How do you create a good onboarding experience?","Keep it simple, show key features, and guide users step-by-step."
"What is the purpose of icons in UI design?","To visually communicate actions or concepts quickly."
"What do you consider when designing a mobile app?","Touch targets, thumb zones, simple navigation, and fast loading."
"What makes a good UX portfolio?","Clear case studies with problem, process, design, and results."
"What is human-centered design?","Design that focuses on real user needs and feedback throughout development."
"How do you manage multiple design projects?","I plan deadlines, prioritize tasks, and communicate timelines."
"What is usability?","How easy and efficient a product is for users to achieve their goals."
"What is a navigation menu?","A UI element that helps users move through sections of an app or website."
"Why do you want to work as a UI/UX designer here?","I like the brand’s mission and want to contribute designs that impact users."
"Why should we hire you?","I combine creativity, research skills, and user-centered design to deliver effective solutions."
