question,category,role,experience,difficulty,source_type,ideal_answer,keywords
Tell me about a time you had to learn something completely new quickly.,Adaptability,DevOps Engineer,fresher,Easy,Open-Ended,"I'm always eager to learn and embrace change as a way to improve. For example, I once had to switch to a new tech stack and picked it up quickly. Tell me about a time you had to learn something completely new quickly.","['flexible', 'change']"
Describe a time you handled a difficult situation professionally.,Conflict Resolution,Product Manager,2 years,Hard,Behavioral,"When faced with conflict, I approach it calmly and try to understand all perspectives before finding a solution together. Describe a time you handled a difficult situation professionally.","['problem', 'disagree']"
Where do you see yourself in 5 years?,Career Goals,Data Scientist,2 years,Medium,Open-Ended,My long-term goal is to grow into a senior role where I can contribute more strategically and mentor others. This role brings me closer to that. Where do you see yourself in 5 years?,"['aspiration', 'dream']"
Tell me about a conflict you had with a coworker and how you resolved it.,Conflict Resolution,Marketing Associate,4 years,Hard,STAR-Based,"When faced with conflict, I approach it calmly and try to understand all perspectives before finding a solution together. Tell me about a conflict you had with a coworker and how you resolved it.","['problem', 'disagree']"
What skills do you hope to develop in your next role?,Career Goals,Marketing Associate,1 year,Easy,Situational,My long-term goal is to grow into a senior role where I can contribute more strategically and mentor others. This role brings me closer to that. What skills do you hope to develop in your next role?,"['future', 'aspiration']"
What's the most significant change you've had to adapt to at work?,Adaptability,DevOps Engineer,intern,Medium,STAR-Based,"I'm always eager to learn and embrace change as a way to improve. For example, I once had to switch to a new tech stack and picked it up quickly. What's the most significant change you've had to adapt to at work?","['learn', 'adjust']"
How does this role fit into your career path?,Career Goals,Software Engineer,2 years,Medium,Situational,My long-term goal is to grow into a senior role where I can contribute more strategically and mentor others. This role brings me closer to that. How does this role fit into your career path?,"['dream', 'plan']"
Tell me about a time you worked well within a team.,Team Collaboration,Product Manager,6 years,Medium,Open-Ended,"I believe communication and mutual respect are key to successful collaboration. In one project, we achieved X because of great teamwork. Tell me about a time you worked well within a team.","['team', 'collaboration']"
What are your expectations from leadership in a company?,Culture Fit,Marketing Associate,4 years,Medium,Behavioral,"I thrive in collaborative, transparent environments where innovation and respect are valued. What are your expectations from leadership in a company?","['fit', 'company']"
What motivates you to come to work every day?,Motivation,Data Scientist,6 years,Easy,STAR-Based,I'm motivated by challenges and the opportunity to grow both personally and professionally. What motivates you to come to work every day?,"['why', 'reason']"
Where do you see yourself in 5 years?,Career Goals,QA Analyst,1 year,Easy,Open-Ended,My long-term goal is to grow into a senior role where I can contribute more strategically and mentor others. This role brings me closer to that. Where do you see yourself in 5 years?,"['next step', 'plan']"
How do you motivate others in a leadership role?,Leadership,Marketing Associate,6 years,Hard,Situational,"I lead by example and encourage open communication and accountability. One time, I led a team through X and we achieved Y. How do you motivate others in a leadership role?","['guide', 'mentor']"
What tools or methods help you stay organized?,Work Style,QA Analyst,2 years,Medium,Situational,I follow a structured workflow and use tools like Jira/Trello/Notion to manage my tasks efficiently. What tools or methods help you stay organized?,"['daily routine', 'method']"
How do you build trust with new teammates?,Team Collaboration,Marketing Associate,fresher,Easy,STAR-Based,"I believe communication and mutual respect are key to successful collaboration. In one project, we achieved X because of great teamwork. How do you build trust with new teammates?","['cooperate', 'team']"
How do you build trust with new teammates?,Team Collaboration,DevOps Engineer,4 years,Hard,Behavioral,"I believe communication and mutual respect are key to successful collaboration. In one project, we achieved X because of great teamwork. How do you build trust with new teammates?","['cooperate', 'partner']"
Describe a time you felt out of place in a workplace culture.,Culture Fit,Software Engineer,5 years,Medium,Situational,"I thrive in collaborative, transparent environments where innovation and respect are valued. Describe a time you felt out of place in a workplace culture.","['value', 'environment']"
Do you prefer working independently or in teams? Why?,Work Style,DevOps Engineer,3 years,Hard,Open-Ended,I follow a structured workflow and use tools like Jira/Trello/Notion to manage my tasks efficiently. Do you prefer working independently or in teams? Why?,"['workflow', 'process']"
Describe a time you led a project or team.,Leadership,UX Designer,2 years,Hard,Behavioral,"I lead by example and encourage open communication and accountability. One time, I led a team through X and we achieved Y. Describe a time you led a project or team.","['mentor', 'manage']"
How do you delegate tasks effectively?,Leadership,HR Specialist,6 years,Hard,Behavioral,"I lead by example and encourage open communication and accountability. One time, I led a team through X and we achieved Y. How do you delegate tasks effectively?","['supervise', 'manage']"
Where do you see yourself in 5 years?,Career Goals,Marketing Associate,1 year,Hard,Behavioral,My long-term goal is to grow into a senior role where I can contribute more strategically and mentor others. This role brings me closer to that. Where do you see yourself in 5 years?,"['dream', 'aspiration']"
How do you align with our company values?,Culture Fit,UX Designer,4 years,Easy,STAR-Based,"I thrive in collaborative, transparent environments where innovation and respect are valued. How do you align with our company values?","['company', 'fit']"
Tell me about a time you had to learn something completely new quickly.,Adaptability,QA Analyst,fresher,Medium,Situational,"I'm always eager to learn and embrace change as a way to improve. For example, I once had to switch to a new tech stack and picked it up quickly. Tell me about a time you had to learn something completely new quickly.","['adjust', 'change']"
How do you delegate tasks effectively?,Leadership,Marketing Associate,fresher,Medium,Behavioral,"I lead by example and encourage open communication and accountability. One time, I led a team through X and we achieved Y. How do you delegate tasks effectively?","['lead', 'supervise']"
Where do you see yourself in 5 years?,Career Goals,Product Manager,7+ years,Easy,Open-Ended,My long-term goal is to grow into a senior role where I can contribute more strategically and mentor others. This role brings me closer to that. Where do you see yourself in 5 years?,"['plan', 'aspiration']"
Why do you want to work at our company?,Motivation,Marketing Associate,4 years,Hard,STAR-Based,I'm motivated by challenges and the opportunity to grow both personally and professionally. Why do you want to work at our company?,"['inspiration', 'why']"
What's the most significant change you've had to adapt to at work?,Adaptability,Software Engineer,intern,Easy,Situational,"I'm always eager to learn and embrace change as a way to improve. For example, I once had to switch to a new tech stack and picked it up quickly. What's the most significant change you've had to adapt to at work?","['flexible', 'learn']"
What makes a good leader in your opinion?,Leadership,Software Engineer,3 years,Hard,Open-Ended,"I lead by example and encourage open communication and accountability. One time, I led a team through X and we achieved Y. What makes a good leader in your opinion?","['mentor', 'guide']"
What are your long-term career aspirations?,Career Goals,DevOps Engineer,6 years,Easy,STAR-Based,My long-term goal is to grow into a senior role where I can contribute more strategically and mentor others. This role brings me closer to that. What are your long-term career aspirations?,"['next step', 'aspiration']"
Describe your ideal workday.,Work Style,Product Manager,5 years,Medium,Situational,I follow a structured workflow and use tools like Jira/Trello/Notion to manage my tasks efficiently. Describe your ideal workday.,"['method', 'workflow']"
How do you deal with feedback that you disagree with?,Conflict Resolution,Product Manager,4 years,Hard,STAR-Based,"When faced with conflict, I approach it calmly and try to understand all perspectives before finding a solution together. How do you deal with feedback that you disagree with?","['resolve', 'conflict']"
How do you build trust with new teammates?,Team Collaboration,Data Scientist,3 years,Easy,STAR-Based,"I believe communication and mutual respect are key to successful collaboration. In one project, we achieved X because of great teamwork. How do you build trust with new teammates?","['collaboration', 'cooperate']"
How do you delegate tasks effectively?,Leadership,Software Engineer,1 year,Easy,STAR-Based,"I lead by example and encourage open communication and accountability. One time, I led a team through X and we achieved Y. How do you delegate tasks effectively?","['manage', 'guide']"
What role do you usually play in group settings?,Team Collaboration,Software Engineer,1 year,Hard,STAR-Based,"I believe communication and mutual respect are key to successful collaboration. In one project, we achieved X because of great teamwork. What role do you usually play in group settings?","['team', 'cooperate']"
What motivates you to come to work every day?,Motivation,DevOps Engineer,3 years,Easy,Open-Ended,I'm motivated by challenges and the opportunity to grow both personally and professionally. What motivates you to come to work every day?,"['why', 'inspiration']"
How do you align with our company values?,Culture Fit,HR Specialist,1 year,Hard,Open-Ended,"I thrive in collaborative, transparent environments where innovation and respect are valued. How do you align with our company values?","['culture', 'value']"
How do you build trust with new teammates?,Team Collaboration,UX Designer,1 year,Easy,Open-Ended,"I believe communication and mutual respect are key to successful collaboration. In one project, we achieved X because of great teamwork. How do you build trust with new teammates?","['partner', 'collaboration']"
What would you do if you disagreed with your manager?,Conflict Resolution,Software Engineer,2 years,Easy,STAR-Based,"When faced with conflict, I approach it calmly and try to understand all perspectives before finding a solution together. What would you do if you disagreed with your manager?","['challenge', 'problem']"
Tell me about a time you were highly motivated to achieve a goal.,Motivation,Data Scientist,3 years,Easy,Open-Ended,I'm motivated by challenges and the opportunity to grow both personally and professionally. Tell me about a time you were highly motivated to achieve a goal.,"['goal', 'reason']"
How do you contribute to a positive team environment?,Culture Fit,HR Specialist,6 years,Easy,Situational,"I thrive in collaborative, transparent environments where innovation and respect are valued. How do you contribute to a positive team environment?","['culture', 'environment']"
What drives your passion for this field?,Motivation,DevOps Engineer,6 years,Medium,Open-Ended,I'm motivated by challenges and the opportunity to grow both personally and professionally. What drives your passion for this field?,"['reason', 'why']"
Do you prefer working independently or in teams? Why?,Work Style,UX Designer,3 years,Medium,STAR-Based,I follow a structured workflow and use tools like Jira/Trello/Notion to manage my tasks efficiently. Do you prefer working independently or in teams? Why?,"['method', 'tool']"
How do you react to sudden changes in priorities?,Adaptability,Data Scientist,1 year,Hard,Behavioral,"I'm always eager to learn and embrace change as a way to improve. For example, I once had to switch to a new tech stack and picked it up quickly. How do you react to sudden changes in priorities?","['adjust', 'change']"
Why do you want to work at our company?,Motivation,Data Scientist,2 years,Hard,Situational,I'm motivated by challenges and the opportunity to grow both personally and professionally. Why do you want to work at our company?,"['reason', 'passion']"
What tools or methods help you stay organized?,Work Style,Product Manager,2 years,Easy,STAR-Based,I follow a structured workflow and use tools like Jira/Trello/Notion to manage my tasks efficiently. What tools or methods help you stay organized?,"['daily routine', 'method']"
How does this role fit into your career path?,Career Goals,UX Designer,1 year,Medium,Open-Ended,My long-term goal is to grow into a senior role where I can contribute more strategically and mentor others. This role brings me closer to that. How does this role fit into your career path?,"['future', 'plan']"
How do you respond when a teammate isn't pulling their weight?,Conflict Resolution,HR Specialist,intern,Medium,Situational,"When faced with conflict, I approach it calmly and try to understand all perspectives before finding a solution together. How do you respond when a teammate isn't pulling their weight?","['challenge', 'disagree']"
Do you prefer working independently or in teams? Why?,Work Style,Product Manager,4 years,Easy,Open-Ended,I follow a structured workflow and use tools like Jira/Trello/Notion to manage my tasks efficiently. Do you prefer working independently or in teams? Why?,"['process', 'method']"
What would you do if you disagreed with your manager?,Conflict Resolution,Product Manager,2 years,Easy,Situational,"When faced with conflict, I approach it calmly and try to understand all perspectives before finding a solution together. What would you do if you disagreed with your manager?","['problem', 'challenge']"
Tell me about a time you mentored someone.,Leadership,Software Engineer,7+ years,Medium,STAR-Based,"I lead by example and encourage open communication and accountability. One time, I led a team through X and we achieved Y. Tell me about a time you mentored someone.","['manage', 'mentor']"
How do you ensure productivity when working remotely?,Work Style,Marketing Associate,3 years,Hard,Open-Ended,I follow a structured workflow and use tools like Jira/Trello/Notion to manage my tasks efficiently. How do you ensure productivity when working remotely?,"['process', 'tool']"
How do you react to sudden changes in priorities?,Adaptability,Product Manager,4 years,Medium,STAR-Based,"I'm always eager to learn and embrace change as a way to improve. For example, I once had to switch to a new tech stack and picked it up quickly. How do you react to sudden changes in priorities?","['flexible', 'adjust']"
How do you stay motivated during repetitive tasks?,Motivation,Software Engineer,3 years,Medium,STAR-Based,I'm motivated by challenges and the opportunity to grow both personally and professionally. How do you stay motivated during repetitive tasks?,"['inspiration', 'passion']"
How do you stay motivated during repetitive tasks?,Motivation,Data Scientist,3 years,Medium,Behavioral,I'm motivated by challenges and the opportunity to grow both personally and professionally. How do you stay motivated during repetitive tasks?,"['reason', 'drive']"
How do you deal with feedback that you disagree with?,Conflict Resolution,HR Specialist,1 year,Medium,Behavioral,"When faced with conflict, I approach it calmly and try to understand all perspectives before finding a solution together. How do you deal with feedback that you disagree with?","['challenge', 'problem']"
How do you align with our company values?,Culture Fit,QA Analyst,5 years,Hard,Open-Ended,"I thrive in collaborative, transparent environments where innovation and respect are valued. How do you align with our company values?","['fit', 'value']"
How do you organize and prioritize your daily tasks?,Work Style,HR Specialist,4 years,Medium,STAR-Based,I follow a structured workflow and use tools like Jira/Trello/Notion to manage my tasks efficiently. How do you organize and prioritize your daily tasks?,"['tool', 'process']"
Tell me about a time you were highly motivated to achieve a goal.,Motivation,UX Designer,2 years,Medium,Situational,I'm motivated by challenges and the opportunity to grow both personally and professionally. Tell me about a time you were highly motivated to achieve a goal.,"['passion', 'drive']"
Describe a time you felt out of place in a workplace culture.,Culture Fit,Marketing Associate,3 years,Hard,Behavioral,"I thrive in collaborative, transparent environments where innovation and respect are valued. Describe a time you felt out of place in a workplace culture.","['company', 'belief']"
What's the most significant change you've had to adapt to at work?,Adaptability,Data Scientist,4 years,Medium,STAR-Based,"I'm always eager to learn and embrace change as a way to improve. For example, I once had to switch to a new tech stack and picked it up quickly. What's the most significant change you've had to adapt to at work?","['new', 'change']"
How do you deal with feedback that you disagree with?,Conflict Resolution,QA Analyst,fresher,Hard,STAR-Based,"When faced with conflict, I approach it calmly and try to understand all perspectives before finding a solution together. How do you deal with feedback that you disagree with?","['conflict', 'resolve']"
How do you build trust with new teammates?,Team Collaboration,HR Specialist,7+ years,Medium,Behavioral,"I believe communication and mutual respect are key to successful collaboration. In one project, we achieved X because of great teamwork. How do you build trust with new teammates?","['group', 'partner']"
What would you do if you disagreed with your manager?,Conflict Resolution,UX Designer,6 years,Medium,Behavioral,"When faced with conflict, I approach it calmly and try to understand all perspectives before finding a solution together. What would you do if you disagreed with your manager?","['challenge', 'conflict']"
What type of company culture do you thrive in?,Culture Fit,Software Engineer,2 years,Hard,Behavioral,"I thrive in collaborative, transparent environments where innovation and respect are valued. What type of company culture do you thrive in?","['company', 'culture']"
How do you stay motivated during repetitive tasks?,Motivation,UX Designer,4 years,Hard,Behavioral,I'm motivated by challenges and the opportunity to grow both personally and professionally. How do you stay motivated during repetitive tasks?,"['goal', 'why']"
How do you stay motivated during repetitive tasks?,Motivation,Marketing Associate,6 years,Easy,Behavioral,I'm motivated by challenges and the opportunity to grow both personally and professionally. How do you stay motivated during repetitive tasks?,"['passion', 'inspiration']"
How do you organize and prioritize your daily tasks?,Work Style,UX Designer,7+ years,Hard,Behavioral,I follow a structured workflow and use tools like Jira/Trello/Notion to manage my tasks efficiently. How do you organize and prioritize your daily tasks?,"['process', 'workflow']"
Do you prefer working independently or in teams? Why?,Work Style,HR Specialist,7+ years,Easy,Situational,I follow a structured workflow and use tools like Jira/Trello/Notion to manage my tasks efficiently. Do you prefer working independently or in teams? Why?,"['method', 'workflow']"
Describe a time you felt out of place in a workplace culture.,Culture Fit,Data Scientist,2 years,Easy,Situational,"I thrive in collaborative, transparent environments where innovation and respect are valued. Describe a time you felt out of place in a workplace culture.","['culture', 'belief']"
How do you react to sudden changes in priorities?,Adaptability,QA Analyst,fresher,Hard,Open-Ended,"I'm always eager to learn and embrace change as a way to improve. For example, I once had to switch to a new tech stack and picked it up quickly. How do you react to sudden changes in priorities?","['adjust', 'new']"
What are your long-term career aspirations?,Career Goals,Product Manager,fresher,Easy,Open-Ended,My long-term goal is to grow into a senior role where I can contribute more strategically and mentor others. This role brings me closer to that. What are your long-term career aspirations?,"['dream', 'plan']"
What motivates you to come to work every day?,Motivation,QA Analyst,intern,Medium,Situational,I'm motivated by challenges and the opportunity to grow both personally and professionally. What motivates you to come to work every day?,"['goal', 'passion']"
Describe a time you led a project or team.,Leadership,DevOps Engineer,intern,Medium,Open-Ended,"I lead by example and encourage open communication and accountability. One time, I led a team through X and we achieved Y. Describe a time you led a project or team.","['lead', 'supervise']"
What role do you usually play in group settings?,Team Collaboration,UX Designer,fresher,Easy,Situational,"I believe communication and mutual respect are key to successful collaboration. In one project, we achieved X because of great teamwork. What role do you usually play in group settings?","['cooperate', 'partner']"
What skills do you hope to develop in your next role?,Career Goals,Product Manager,7+ years,Medium,Behavioral,My long-term goal is to grow into a senior role where I can contribute more strategically and mentor others. This role brings me closer to that. What skills do you hope to develop in your next role?,"['aspiration', 'dream']"
How do you handle disagreements within a team?,Team Collaboration,Data Scientist,3 years,Easy,Open-Ended,"I believe communication and mutual respect are key to successful collaboration. In one project, we achieved X because of great teamwork. How do you handle disagreements within a team?","['partner', 'group']"
What's the most significant change you've had to adapt to at work?,Adaptability,HR Specialist,4 years,Easy,Behavioral,"I'm always eager to learn and embrace change as a way to improve. For example, I once had to switch to a new tech stack and picked it up quickly. What's the most significant change you've had to adapt to at work?","['adjust', 'new']"
What skills do you hope to develop in your next role?,Career Goals,DevOps Engineer,5 years,Medium,Open-Ended,My long-term goal is to grow into a senior role where I can contribute more strategically and mentor others. This role brings me closer to that. What skills do you hope to develop in your next role?,"['dream', 'plan']"
What role do you usually play in group settings?,Team Collaboration,HR Specialist,1 year,Easy,STAR-Based,"I believe communication and mutual respect are key to successful collaboration. In one project, we achieved X because of great teamwork. What role do you usually play in group settings?","['group', 'collaboration']"
How do you respond when a teammate isn't pulling their weight?,Conflict Resolution,UX Designer,5 years,Easy,STAR-Based,"When faced with conflict, I approach it calmly and try to understand all perspectives before finding a solution together. How do you respond when a teammate isn't pulling their weight?","['problem', 'disagree']"
Tell me about a time you were highly motivated to achieve a goal.,Motivation,DevOps Engineer,intern,Hard,STAR-Based,I'm motivated by challenges and the opportunity to grow both personally and professionally. Tell me about a time you were highly motivated to achieve a goal.,"['why', 'passion']"
What are your long-term career aspirations?,Career Goals,HR Specialist,7+ years,Easy,Situational,My long-term goal is to grow into a senior role where I can contribute more strategically and mentor others. This role brings me closer to that. What are your long-term career aspirations?,"['next step', 'future']"
Describe a project where teamwork was essential to success.,Team Collaboration,Product Manager,7+ years,Medium,Open-Ended,"I believe communication and mutual respect are key to successful collaboration. In one project, we achieved X because of great teamwork. Describe a project where teamwork was essential to success.","['partner', 'team']"
How do you respond when a teammate isn't pulling their weight?,Conflict Resolution,Data Scientist,fresher,Hard,STAR-Based,"When faced with conflict, I approach it calmly and try to understand all perspectives before finding a solution together. How do you respond when a teammate isn't pulling their weight?","['problem', 'conflict']"
How do you contribute to a positive team environment?,Culture Fit,Marketing Associate,intern,Medium,STAR-Based,"I thrive in collaborative, transparent environments where innovation and respect are valued. How do you contribute to a positive team environment?","['culture', 'value']"
Describe a time you failed and what you learned from it.,Adaptability,QA Analyst,intern,Medium,Situational,"I'm always eager to learn and embrace change as a way to improve. For example, I once had to switch to a new tech stack and picked it up quickly. Describe a time you failed and what you learned from it.","['change', 'flexible']"
Describe a project where teamwork was essential to success.,Team Collaboration,Data Scientist,4 years,Medium,STAR-Based,"I believe communication and mutual respect are key to successful collaboration. In one project, we achieved X because of great teamwork. Describe a project where teamwork was essential to success.","['team', 'group']"
Describe a time you led a project or team.,Leadership,Software Engineer,4 years,Hard,STAR-Based,"I lead by example and encourage open communication and accountability. One time, I led a team through X and we achieved Y. Describe a time you led a project or team.","['guide', 'lead']"
How do you organize and prioritize your daily tasks?,Work Style,Software Engineer,7+ years,Hard,Situational,I follow a structured workflow and use tools like Jira/Trello/Notion to manage my tasks efficiently. How do you organize and prioritize your daily tasks?,"['tool', 'workflow']"
What role do you usually play in group settings?,Team Collaboration,Data Scientist,fresher,Medium,STAR-Based,"I believe communication and mutual respect are key to successful collaboration. In one project, we achieved X because of great teamwork. What role do you usually play in group settings?","['partner', 'cooperate']"
Describe a time you felt out of place in a workplace culture.,Culture Fit,UX Designer,6 years,Easy,Situational,"I thrive in collaborative, transparent environments where innovation and respect are valued. Describe a time you felt out of place in a workplace culture.","['belief', 'culture']"
What drives your passion for this field?,Motivation,Marketing Associate,5 years,Easy,STAR-Based,I'm motivated by challenges and the opportunity to grow both personally and professionally. What drives your passion for this field?,"['drive', 'inspiration']"
Describe a time you handled a difficult situation professionally.,Conflict Resolution,Software Engineer,2 years,Easy,Situational,"When faced with conflict, I approach it calmly and try to understand all perspectives before finding a solution together. Describe a time you handled a difficult situation professionally.","['problem', 'challenge']"
What motivates you to come to work every day?,Motivation,Software Engineer,4 years,Medium,Open-Ended,I'm motivated by challenges and the opportunity to grow both personally and professionally. What motivates you to come to work every day?,"['reason', 'why']"
How do you handle disagreements within a team?,Team Collaboration,DevOps Engineer,5 years,Hard,Open-Ended,"I believe communication and mutual respect are key to successful collaboration. In one project, we achieved X because of great teamwork. How do you handle disagreements within a team?","['team', 'cooperate']"
Where do you see yourself in 5 years?,Career Goals,DevOps Engineer,3 years,Hard,Behavioral,My long-term goal is to grow into a senior role where I can contribute more strategically and mentor others. This role brings me closer to that. Where do you see yourself in 5 years?,"['aspiration', 'plan']"
Tell me about a conflict you had with a coworker and how you resolved it.,Conflict Resolution,UX Designer,5 years,Easy,Behavioral,"When faced with conflict, I approach it calmly and try to understand all perspectives before finding a solution together. Tell me about a conflict you had with a coworker and how you resolved it.","['conflict', 'resolve']"
How do you stay updated with industry trends?,Adaptability,QA Analyst,6 years,Easy,Open-Ended,"I'm always eager to learn and embrace change as a way to improve. For example, I once had to switch to a new tech stack and picked it up quickly. How do you stay updated with industry trends?","['learn', 'adjust']"
What type of company culture do you thrive in?,Culture Fit,Marketing Associate,2 years,Easy,Open-Ended,"I thrive in collaborative, transparent environments where innovation and respect are valued. What type of company culture do you thrive in?","['value', 'environment']"
How do you deal with feedback that you disagree with?,Conflict Resolution,Data Scientist,6 years,Easy,Situational,"When faced with conflict, I approach it calmly and try to understand all perspectives before finding a solution together. How do you deal with feedback that you disagree with?","['resolve', 'disagree']"
Describe your ideal workday.,Work Style,Data Scientist,4 years,Hard,Open-Ended,I follow a structured workflow and use tools like Jira/Trello/Notion to manage my tasks efficiently. Describe your ideal workday.,"['tool', 'process']"
What are your long-term career aspirations?,Career Goals,QA Analyst,7+ years,Medium,Situational,My long-term goal is to grow into a senior role where I can contribute more strategically and mentor others. This role brings me closer to that. What are your long-term career aspirations?,"['plan', 'next step']"
Tell me about a conflict you had with a coworker and how you resolved it.,Conflict Resolution,DevOps Engineer,fresher,Easy,STAR-Based,"When faced with conflict, I approach it calmly and try to understand all perspectives before finding a solution together. Tell me about a conflict you had with a coworker and how you resolved it.","['problem', 'conflict']"
What drives your passion for this field?,Motivation,Data Scientist,3 years,Easy,STAR-Based,I'm motivated by challenges and the opportunity to grow both personally and professionally. What drives your passion for this field?,"['reason', 'inspiration']"
Why do you want to work at our company?,Motivation,Product Manager,4 years,Hard,STAR-Based,I'm motivated by challenges and the opportunity to grow both personally and professionally. Why do you want to work at our company?,"['why', 'goal']"
What makes a good leader in your opinion?,Leadership,Product Manager,2 years,Hard,Open-Ended,"I lead by example and encourage open communication and accountability. One time, I led a team through X and we achieved Y. What makes a good leader in your opinion?","['lead', 'guide']"
How do you stay updated with industry trends?,Adaptability,Marketing Associate,1 year,Medium,Behavioral,"I'm always eager to learn and embrace change as a way to improve. For example, I once had to switch to a new tech stack and picked it up quickly. How do you stay updated with industry trends?","['new', 'learn']"
What role do you usually play in group settings?,Team Collaboration,Marketing Associate,7+ years,Hard,Situational,"I believe communication and mutual respect are key to successful collaboration. In one project, we achieved X because of great teamwork. What role do you usually play in group settings?","['team', 'collaboration']"
How do you align with our company values?,Culture Fit,Software Engineer,fresher,Hard,Situational,"I thrive in collaborative, transparent environments where innovation and respect are valued. How do you align with our company values?","['fit', 'value']"
Tell me about a conflict you had with a coworker and how you resolved it.,Conflict Resolution,Software Engineer,2 years,Medium,STAR-Based,"When faced with conflict, I approach it calmly and try to understand all perspectives before finding a solution together. Tell me about a conflict you had with a coworker and how you resolved it.","['problem', 'disagree']"
What tools or methods help you stay organized?,Work Style,DevOps Engineer,intern,Easy,Open-Ended,I follow a structured workflow and use tools like Jira/Trello/Notion to manage my tasks efficiently. What tools or methods help you stay organized?,"['method', 'tool']"
Why do you want to work at our company?,Motivation,UX Designer,6 years,Hard,Behavioral,I'm motivated by challenges and the opportunity to grow both personally and professionally. Why do you want to work at our company?,"['inspiration', 'goal']"
Describe a time you felt out of place in a workplace culture.,Culture Fit,HR Specialist,3 years,Easy,STAR-Based,"I thrive in collaborative, transparent environments where innovation and respect are valued. Describe a time you felt out of place in a workplace culture.","['company', 'environment']"
What skills do you hope to develop in your next role?,Career Goals,HR Specialist,6 years,Medium,Open-Ended,My long-term goal is to grow into a senior role where I can contribute more strategically and mentor others. This role brings me closer to that. What skills do you hope to develop in your next role?,"['plan', 'future']"
Describe a time you led a project or team.,Leadership,Data Scientist,1 year,Hard,Open-Ended,"I lead by example and encourage open communication and accountability. One time, I led a team through X and we achieved Y. Describe a time you led a project or team.","['guide', 'supervise']"
Tell me about a time you worked well within a team.,Team Collaboration,QA Analyst,3 years,Easy,Behavioral,"I believe communication and mutual respect are key to successful collaboration. In one project, we achieved X because of great teamwork. Tell me about a time you worked well within a team.","['group', 'partner']"
How do you deal with feedback that you disagree with?,Conflict Resolution,UX Designer,fresher,Hard,Behavioral,"When faced with conflict, I approach it calmly and try to understand all perspectives before finding a solution together. How do you deal with feedback that you disagree with?","['conflict', 'resolve']"
How do you organize and prioritize your daily tasks?,Work Style,Product Manager,1 year,Medium,Behavioral,I follow a structured workflow and use tools like Jira/Trello/Notion to manage my tasks efficiently. How do you organize and prioritize your daily tasks?,"['process', 'daily routine']"
What role do you usually play in group settings?,Team Collaboration,DevOps Engineer,4 years,Medium,Behavioral,"I believe communication and mutual respect are key to successful collaboration. In one project, we achieved X because of great teamwork. What role do you usually play in group settings?","['collaboration', 'team']"
How do you contribute to a positive team environment?,Culture Fit,QA Analyst,3 years,Hard,Situational,"I thrive in collaborative, transparent environments where innovation and respect are valued. How do you contribute to a positive team environment?","['environment', 'belief']"
How do you stay motivated during repetitive tasks?,Motivation,HR Specialist,6 years,Easy,Behavioral,I'm motivated by challenges and the opportunity to grow both personally and professionally. How do you stay motivated during repetitive tasks?,"['reason', 'inspiration']"
Tell me about a time you worked well within a team.,Team Collaboration,UX Designer,6 years,Hard,Open-Ended,"I believe communication and mutual respect are key to successful collaboration. In one project, we achieved X because of great teamwork. Tell me about a time you worked well within a team.","['group', 'team']"
Describe a time you handled a difficult situation professionally.,Conflict Resolution,UX Designer,5 years,Hard,Situational,"When faced with conflict, I approach it calmly and try to understand all perspectives before finding a solution together. Describe a time you handled a difficult situation professionally.","['conflict', 'problem']"
What are your expectations from leadership in a company?,Culture Fit,Software Engineer,7+ years,Easy,Behavioral,"I thrive in collaborative, transparent environments where innovation and respect are valued. What are your expectations from leadership in a company?","['fit', 'company']"
What type of company culture do you thrive in?,Culture Fit,Data Scientist,1 year,Easy,Open-Ended,"I thrive in collaborative, transparent environments where innovation and respect are valued. What type of company culture do you thrive in?","['company', 'belief']"
How do you contribute to a positive team environment?,Culture Fit,UX Designer,4 years,Easy,Behavioral,"I thrive in collaborative, transparent environments where innovation and respect are valued. How do you contribute to a positive team environment?","['environment', 'company']"
Tell me about a time you mentored someone.,Leadership,QA Analyst,fresher,Hard,Behavioral,"I lead by example and encourage open communication and accountability. One time, I led a team through X and we achieved Y. Tell me about a time you mentored someone.","['lead', 'supervise']"
How do you motivate others in a leadership role?,Leadership,Data Scientist,4 years,Easy,STAR-Based,"I lead by example and encourage open communication and accountability. One time, I led a team through X and we achieved Y. How do you motivate others in a leadership role?","['guide', 'manage']"
Tell me about a time you were highly motivated to achieve a goal.,Motivation,Marketing Associate,6 years,Easy,Behavioral,I'm motivated by challenges and the opportunity to grow both personally and professionally. Tell me about a time you were highly motivated to achieve a goal.,"['inspiration', 'goal']"
What are your long-term career aspirations?,Career Goals,Marketing Associate,6 years,Hard,Situational,My long-term goal is to grow into a senior role where I can contribute more strategically and mentor others. This role brings me closer to that. What are your long-term career aspirations?,"['aspiration', 'next step']"
How do you build trust with new teammates?,Team Collaboration,Product Manager,intern,Hard,STAR-Based,"I believe communication and mutual respect are key to successful collaboration. In one project, we achieved X because of great teamwork. How do you build trust with new teammates?","['partner', 'cooperate']"
Tell me about a time you were highly motivated to achieve a goal.,Motivation,HR Specialist,2 years,Easy,STAR-Based,I'm motivated by challenges and the opportunity to grow both personally and professionally. Tell me about a time you were highly motivated to achieve a goal.,"['reason', 'inspiration']"
Describe your ideal workday.,Work Style,Marketing Associate,5 years,Easy,Open-Ended,I follow a structured workflow and use tools like Jira/Trello/Notion to manage my tasks efficiently. Describe your ideal workday.,"['process', 'tool']"
How do you stay updated with industry trends?,Adaptability,Data Scientist,intern,Medium,STAR-Based,"I'm always eager to learn and embrace change as a way to improve. For example, I once had to switch to a new tech stack and picked it up quickly. How do you stay updated with industry trends?","['new', 'learn']"
Describe a time you led a project or team.,Leadership,Marketing Associate,7+ years,Easy,STAR-Based,"I lead by example and encourage open communication and accountability. One time, I led a team through X and we achieved Y. Describe a time you led a project or team.","['mentor', 'manage']"
Describe your ideal workday.,Work Style,DevOps Engineer,2 years,Easy,Open-Ended,I follow a structured workflow and use tools like Jira/Trello/Notion to manage my tasks efficiently. Describe your ideal workday.,"['method', 'tool']"
How do you react to sudden changes in priorities?,Adaptability,UX Designer,fresher,Hard,Behavioral,"I'm always eager to learn and embrace change as a way to improve. For example, I once had to switch to a new tech stack and picked it up quickly. How do you react to sudden changes in priorities?","['change', 'adjust']"
What motivates you to come to work every day?,Motivation,HR Specialist,intern,Hard,Situational,I'm motivated by challenges and the opportunity to grow both personally and professionally. What motivates you to come to work every day?,"['goal', 'inspiration']"
How does this role fit into your career path?,Career Goals,Marketing Associate,2 years,Easy,Situational,My long-term goal is to grow into a senior role where I can contribute more strategically and mentor others. This role brings me closer to that. How does this role fit into your career path?,"['dream', 'future']"
How do you stay updated with industry trends?,Adaptability,DevOps Engineer,fresher,Medium,Open-Ended,"I'm always eager to learn and embrace change as a way to improve. For example, I once had to switch to a new tech stack and picked it up quickly. How do you stay updated with industry trends?","['learn', 'change']"
What kind of growth opportunities are you looking for?,Career Goals,DevOps Engineer,6 years,Easy,Behavioral,My long-term goal is to grow into a senior role where I can contribute more strategically and mentor others. This role brings me closer to that. What kind of growth opportunities are you looking for?,"['dream', 'plan']"
How do you organize and prioritize your daily tasks?,Work Style,Data Scientist,1 year,Hard,Situational,I follow a structured workflow and use tools like Jira/Trello/Notion to manage my tasks efficiently. How do you organize and prioritize your daily tasks?,"['process', 'daily routine']"
How do you deal with feedback that you disagree with?,Conflict Resolution,Software Engineer,6 years,Medium,Open-Ended,"When faced with conflict, I approach it calmly and try to understand all perspectives before finding a solution together. How do you deal with feedback that you disagree with?","['challenge', 'disagree']"
How do you handle disagreements within a team?,Team Collaboration,Product Manager,intern,Hard,Open-Ended,"I believe communication and mutual respect are key to successful collaboration. In one project, we achieved X because of great teamwork. How do you handle disagreements within a team?","['group', 'team']"
What drives your passion for this field?,Motivation,QA Analyst,6 years,Easy,Situational,I'm motivated by challenges and the opportunity to grow both personally and professionally. What drives your passion for this field?,"['drive', 'inspiration']"
How do you react to sudden changes in priorities?,Adaptability,HR Specialist,intern,Easy,Open-Ended,"I'm always eager to learn and embrace change as a way to improve. For example, I once had to switch to a new tech stack and picked it up quickly. How do you react to sudden changes in priorities?","['flexible', 'adjust']"
How do you respond when a teammate isn't pulling their weight?,Conflict Resolution,Product Manager,fresher,Medium,Behavioral,"When faced with conflict, I approach it calmly and try to understand all perspectives before finding a solution together. How do you respond when a teammate isn't pulling their weight?","['disagree', 'conflict']"
What kind of growth opportunities are you looking for?,Career Goals,QA Analyst,fresher,Medium,STAR-Based,My long-term goal is to grow into a senior role where I can contribute more strategically and mentor others. This role brings me closer to that. What kind of growth opportunities are you looking for?,"['plan', 'next step']"
What skills do you hope to develop in your next role?,Career Goals,QA Analyst,3 years,Easy,STAR-Based,My long-term goal is to grow into a senior role where I can contribute more strategically and mentor others. This role brings me closer to that. What skills do you hope to develop in your next role?,"['future', 'next step']"
Why do you want to work at our company?,Motivation,QA Analyst,7+ years,Medium,STAR-Based,I'm motivated by challenges and the opportunity to grow both personally and professionally. Why do you want to work at our company?,"['passion', 'inspiration']"
Tell me about a time you mentored someone.,Leadership,UX Designer,intern,Hard,Open-Ended,"I lead by example and encourage open communication and accountability. One time, I led a team through X and we achieved Y. Tell me about a time you mentored someone.","['manage', 'guide']"
How does this role fit into your career path?,Career Goals,HR Specialist,7+ years,Easy,Open-Ended,My long-term goal is to grow into a senior role where I can contribute more strategically and mentor others. This role brings me closer to that. How does this role fit into your career path?,"['aspiration', 'next step']"
Tell me about a time you had to learn something completely new quickly.,Adaptability,UX Designer,6 years,Easy,Behavioral,"I'm always eager to learn and embrace change as a way to improve. For example, I once had to switch to a new tech stack and picked it up quickly. Tell me about a time you had to learn something completely new quickly.","['adjust', 'change']"
What motivates you to come to work every day?,Motivation,UX Designer,5 years,Easy,Open-Ended,I'm motivated by challenges and the opportunity to grow both personally and professionally. What motivates you to come to work every day?,"['drive', 'passion']"
How do you contribute to a positive team environment?,Culture Fit,DevOps Engineer,intern,Hard,STAR-Based,"I thrive in collaborative, transparent environments where innovation and respect are valued. How do you contribute to a positive team environment?","['environment', 'fit']"
How do you organize and prioritize your daily tasks?,Work Style,QA Analyst,7+ years,Easy,Open-Ended,I follow a structured workflow and use tools like Jira/Trello/Notion to manage my tasks efficiently. How do you organize and prioritize your daily tasks?,"['process', 'method']"
How do you ensure productivity when working remotely?,Work Style,UX Designer,intern,Hard,Behavioral,I follow a structured workflow and use tools like Jira/Trello/Notion to manage my tasks efficiently. How do you ensure productivity when working remotely?,"['process', 'method']"
Describe a time you failed and what you learned from it.,Adaptability,Data Scientist,7+ years,Easy,Open-Ended,"I'm always eager to learn and embrace change as a way to improve. For example, I once had to switch to a new tech stack and picked it up quickly. Describe a time you failed and what you learned from it.","['change', 'adjust']"
What makes a good leader in your opinion?,Leadership,QA Analyst,3 years,Easy,Behavioral,"I lead by example and encourage open communication and accountability. One time, I led a team through X and we achieved Y. What makes a good leader in your opinion?","['lead', 'mentor']"
How do you stay motivated during repetitive tasks?,Motivation,Product Manager,7+ years,Hard,Open-Ended,I'm motivated by challenges and the opportunity to grow both personally and professionally. How do you stay motivated during repetitive tasks?,"['goal', 'passion']"
What motivates you to come to work every day?,Motivation,Marketing Associate,intern,Hard,STAR-Based,I'm motivated by challenges and the opportunity to grow both personally and professionally. What motivates you to come to work every day?,"['inspiration', 'goal']"
What role do you usually play in group settings?,Team Collaboration,QA Analyst,5 years,Medium,Open-Ended,"I believe communication and mutual respect are key to successful collaboration. In one project, we achieved X because of great teamwork. What role do you usually play in group settings?","['group', 'partner']"
What type of company culture do you thrive in?,Culture Fit,DevOps Engineer,5 years,Hard,Behavioral,"I thrive in collaborative, transparent environments where innovation and respect are valued. What type of company culture do you thrive in?","['fit', 'company']"
What kind of growth opportunities are you looking for?,Career Goals,UX Designer,2 years,Easy,STAR-Based,My long-term goal is to grow into a senior role where I can contribute more strategically and mentor others. This role brings me closer to that. What kind of growth opportunities are you looking for?,"['future', 'plan']"
How do you stay updated with industry trends?,Adaptability,UX Designer,2 years,Easy,Behavioral,"I'm always eager to learn and embrace change as a way to improve. For example, I once had to switch to a new tech stack and picked it up quickly. How do you stay updated with industry trends?","['new', 'flexible']"
How do you align with our company values?,Culture Fit,Data Scientist,5 years,Easy,STAR-Based,"I thrive in collaborative, transparent environments where innovation and respect are valued. How do you align with our company values?","['fit', 'company']"
How do you align with our company values?,Culture Fit,Marketing Associate,2 years,Hard,Situational,"I thrive in collaborative, transparent environments where innovation and respect are valued. How do you align with our company values?","['company', 'belief']"
How do you stay motivated during repetitive tasks?,Motivation,DevOps Engineer,7+ years,Easy,Behavioral,I'm motivated by challenges and the opportunity to grow both personally and professionally. How do you stay motivated during repetitive tasks?,"['drive', 'why']"
How do you ensure productivity when working remotely?,Work Style,Product Manager,4 years,Medium,Behavioral,I follow a structured workflow and use tools like Jira/Trello/Notion to manage my tasks efficiently. How do you ensure productivity when working remotely?,"['tool', 'daily routine']"
What's the most significant change you've had to adapt to at work?,Adaptability,Marketing Associate,fresher,Hard,Open-Ended,"I'm always eager to learn and embrace change as a way to improve. For example, I once had to switch to a new tech stack and picked it up quickly. What's the most significant change you've had to adapt to at work?","['learn', 'change']"
Describe a time you failed and what you learned from it.,Adaptability,Product Manager,1 year,Easy,Behavioral,"I'm always eager to learn and embrace change as a way to improve. For example, I once had to switch to a new tech stack and picked it up quickly. Describe a time you failed and what you learned from it.","['flexible', 'change']"
What would you do if you disagreed with your manager?,Conflict Resolution,DevOps Engineer,2 years,Hard,STAR-Based,"When faced with conflict, I approach it calmly and try to understand all perspectives before finding a solution together. What would you do if you disagreed with your manager?","['resolve', 'disagree']"
Describe your ideal workday.,Work Style,HR Specialist,2 years,Easy,Situational,I follow a structured workflow and use tools like Jira/Trello/Notion to manage my tasks efficiently. Describe your ideal workday.,"['workflow', 'method']"
What's the most significant change you've had to adapt to at work?,Adaptability,QA Analyst,3 years,Medium,Open-Ended,"I'm always eager to learn and embrace change as a way to improve. For example, I once had to switch to a new tech stack and picked it up quickly. What's the most significant change you've had to adapt to at work?","['change', 'new']"
Tell me about a conflict you had with a coworker and how you resolved it.,Conflict Resolution,Data Scientist,intern,Easy,Situational,"When faced with conflict, I approach it calmly and try to understand all perspectives before finding a solution together. Tell me about a conflict you had with a coworker and how you resolved it.","['problem', 'conflict']"
How do you motivate others in a leadership role?,Leadership,QA Analyst,7+ years,Hard,Open-Ended,"I lead by example and encourage open communication and accountability. One time, I led a team through X and we achieved Y. How do you motivate others in a leadership role?","['lead', 'supervise']"
How do you ensure productivity when working remotely?,Work Style,Software Engineer,4 years,Hard,Situational,I follow a structured workflow and use tools like Jira/Trello/Notion to manage my tasks efficiently. How do you ensure productivity when working remotely?,"['daily routine', 'process']"
How do you build trust with new teammates?,Team Collaboration,QA Analyst,4 years,Hard,STAR-Based,"I believe communication and mutual respect are key to successful collaboration. In one project, we achieved X because of great teamwork. How do you build trust with new teammates?","['collaboration', 'group']"
Where do you see yourself in 5 years?,Career Goals,UX Designer,6 years,Medium,STAR-Based,My long-term goal is to grow into a senior role where I can contribute more strategically and mentor others. This role brings me closer to that. Where do you see yourself in 5 years?,"['next step', 'aspiration']"
How do you align with our company values?,Culture Fit,Product Manager,1 year,Hard,Situational,"I thrive in collaborative, transparent environments where innovation and respect are valued. How do you align with our company values?","['fit', 'company']"
What skills do you hope to develop in your next role?,Career Goals,Data Scientist,2 years,Medium,Open-Ended,My long-term goal is to grow into a senior role where I can contribute more strategically and mentor others. This role brings me closer to that. What skills do you hope to develop in your next role?,"['aspiration', 'dream']"
Do you prefer working independently or in teams? Why?,Work Style,Software Engineer,2 years,Easy,Open-Ended,I follow a structured workflow and use tools like Jira/Trello/Notion to manage my tasks efficiently. Do you prefer working independently or in teams? Why?,"['process', 'daily routine']"
What would you do if you disagreed with your manager?,Conflict Resolution,HR Specialist,2 years,Medium,Open-Ended,"When faced with conflict, I approach it calmly and try to understand all perspectives before finding a solution together. What would you do if you disagreed with your manager?","['disagree', 'problem']"
How do you handle disagreements within a team?,Team Collaboration,UX Designer,1 year,Hard,Situational,"I believe communication and mutual respect are key to successful collaboration. In one project, we achieved X because of great teamwork. How do you handle disagreements within a team?","['cooperate', 'partner']"
How do you respond when a teammate isn't pulling their weight?,Conflict Resolution,Marketing Associate,fresher,Easy,Situational,"When faced with conflict, I approach it calmly and try to understand all perspectives before finding a solution together. How do you respond when a teammate isn't pulling their weight?","['resolve', 'disagree']"
How do you respond when a teammate isn't pulling their weight?,Conflict Resolution,QA Analyst,3 years,Medium,Situational,"When faced with conflict, I approach it calmly and try to understand all perspectives before finding a solution together. How do you respond when a teammate isn't pulling their weight?","['problem', 'conflict']"
How do you motivate others in a leadership role?,Leadership,Software Engineer,3 years,Hard,STAR-Based,"I lead by example and encourage open communication and accountability. One time, I led a team through X and we achieved Y. How do you motivate others in a leadership role?","['supervise', 'guide']"
How do you align with our company values?,Culture Fit,DevOps Engineer,2 years,Hard,STAR-Based,"I thrive in collaborative, transparent environments where innovation and respect are valued. How do you align with our company values?","['company', 'environment']"
What tools or methods help you stay organized?,Work Style,HR Specialist,intern,Medium,Open-Ended,I follow a structured workflow and use tools like Jira/Trello/Notion to manage my tasks efficiently. What tools or methods help you stay organized?,"['method', 'tool']"
Tell me about a time you worked well within a team.,Team Collaboration,DevOps Engineer,3 years,Hard,Open-Ended,"I believe communication and mutual respect are key to successful collaboration. In one project, we achieved X because of great teamwork. Tell me about a time you worked well within a team.","['cooperate', 'partner']"
How does this role fit into your career path?,Career Goals,Data Scientist,5 years,Hard,Behavioral,My long-term goal is to grow into a senior role where I can contribute more strategically and mentor others. This role brings me closer to that. How does this role fit into your career path?,"['dream', 'future']"
Describe a time you failed and what you learned from it.,Adaptability,UX Designer,6 years,Hard,Open-Ended,"I'm always eager to learn and embrace change as a way to improve. For example, I once had to switch to a new tech stack and picked it up quickly. Describe a time you failed and what you learned from it.","['learn', 'new']"
What are your expectations from leadership in a company?,Culture Fit,Data Scientist,2 years,Medium,Situational,"I thrive in collaborative, transparent environments where innovation and respect are valued. What are your expectations from leadership in a company?","['culture', 'fit']"
What are your expectations from leadership in a company?,Culture Fit,QA Analyst,3 years,Hard,Behavioral,"I thrive in collaborative, transparent environments where innovation and respect are valued. What are your expectations from leadership in a company?","['value', 'company']"
What type of company culture do you thrive in?,Culture Fit,HR Specialist,6 years,Medium,STAR-Based,"I thrive in collaborative, transparent environments where innovation and respect are valued. What type of company culture do you thrive in?","['culture', 'company']"
Describe a project where teamwork was essential to success.,Team Collaboration,DevOps Engineer,1 year,Medium,Situational,"I believe communication and mutual respect are key to successful collaboration. In one project, we achieved X because of great teamwork. Describe a project where teamwork was essential to success.","['group', 'partner']"
What are your expectations from leadership in a company?,Culture Fit,Product Manager,3 years,Easy,Open-Ended,"I thrive in collaborative, transparent environments where innovation and respect are valued. What are your expectations from leadership in a company?","['fit', 'value']"
What tools or methods help you stay organized?,Work Style,Data Scientist,7+ years,Hard,Open-Ended,I follow a structured workflow and use tools like Jira/Trello/Notion to manage my tasks efficiently. What tools or methods help you stay organized?,"['method', 'tool']"
Tell me about a time you had to learn something completely new quickly.,Adaptability,Data Scientist,1 year,Medium,Behavioral,"I'm always eager to learn and embrace change as a way to improve. For example, I once had to switch to a new tech stack and picked it up quickly. Tell me about a time you had to learn something completely new quickly.","['change', 'adjust']"
Tell me about a time you mentored someone.,Leadership,DevOps Engineer,fresher,Hard,Open-Ended,"I lead by example and encourage open communication and accountability. One time, I led a team through X and we achieved Y. Tell me about a time you mentored someone.","['manage', 'lead']"
How do you deal with feedback that you disagree with?,Conflict Resolution,Marketing Associate,fresher,Hard,Situational,"When faced with conflict, I approach it calmly and try to understand all perspectives before finding a solution together. How do you deal with feedback that you disagree with?","['disagree', 'challenge']"
Where do you see yourself in 5 years?,Career Goals,Software Engineer,intern,Medium,Open-Ended,My long-term goal is to grow into a senior role where I can contribute more strategically and mentor others. This role brings me closer to that. Where do you see yourself in 5 years?,"['dream', 'plan']"
How do you stay motivated during repetitive tasks?,Motivation,QA Analyst,2 years,Medium,STAR-Based,I'm motivated by challenges and the opportunity to grow both personally and professionally. How do you stay motivated during repetitive tasks?,"['reason', 'inspiration']"
How do you handle disagreements within a team?,Team Collaboration,Software Engineer,5 years,Easy,Behavioral,"I believe communication and mutual respect are key to successful collaboration. In one project, we achieved X because of great teamwork. How do you handle disagreements within a team?","['team', 'cooperate']"
What type of company culture do you thrive in?,Culture Fit,Product Manager,2 years,Hard,Situational,"I thrive in collaborative, transparent environments where innovation and respect are valued. What type of company culture do you thrive in?","['culture', 'fit']"
What tools or methods help you stay organized?,Work Style,Marketing Associate,7+ years,Easy,Situational,I follow a structured workflow and use tools like Jira/Trello/Notion to manage my tasks efficiently. What tools or methods help you stay organized?,"['tool', 'process']"
What drives your passion for this field?,Motivation,UX Designer,3 years,Medium,Open-Ended,I'm motivated by challenges and the opportunity to grow both personally and professionally. What drives your passion for this field?,"['drive', 'inspiration']"
How does this role fit into your career path?,Career Goals,QA Analyst,7+ years,Easy,Open-Ended,My long-term goal is to grow into a senior role where I can contribute more strategically and mentor others. This role brings me closer to that. How does this role fit into your career path?,"['next step', 'aspiration']"
Tell me about a time you worked well within a team.,Team Collaboration,Marketing Associate,3 years,Medium,Situational,"I believe communication and mutual respect are key to successful collaboration. In one project, we achieved X because of great teamwork. Tell me about a time you worked well within a team.","['team', 'group']"
Describe a time you failed and what you learned from it.,Adaptability,Software Engineer,fresher,Easy,Behavioral,"I'm always eager to learn and embrace change as a way to improve. For example, I once had to switch to a new tech stack and picked it up quickly. Describe a time you failed and what you learned from it.","['new', 'flexible']"
How do you organize and prioritize your daily tasks?,Work Style,DevOps Engineer,fresher,Hard,Behavioral,I follow a structured workflow and use tools like Jira/Trello/Notion to manage my tasks efficiently. How do you organize and prioritize your daily tasks?,"['process', 'tool']"
How do you contribute to a positive team environment?,Culture Fit,Product Manager,4 years,Medium,Behavioral,"I thrive in collaborative, transparent environments where innovation and respect are valued. How do you contribute to a positive team environment?","['belief', 'culture']"
What's the most significant change you've had to adapt to at work?,Adaptability,Product Manager,7+ years,Medium,Open-Ended,"I'm always eager to learn and embrace change as a way to improve. For example, I once had to switch to a new tech stack and picked it up quickly. What's the most significant change you've had to adapt to at work?","['change', 'flexible']"
Describe your ideal workday.,Work Style,UX Designer,7+ years,Medium,Situational,I follow a structured workflow and use tools like Jira/Trello/Notion to manage my tasks efficiently. Describe your ideal workday.,"['process', 'daily routine']"
What kind of growth opportunities are you looking for?,Career Goals,Data Scientist,3 years,Medium,STAR-Based,My long-term goal is to grow into a senior role where I can contribute more strategically and mentor others. This role brings me closer to that. What kind of growth opportunities are you looking for?,"['aspiration', 'future']"
How does this role fit into your career path?,Career Goals,Product Manager,fresher,Medium,Behavioral,My long-term goal is to grow into a senior role where I can contribute more strategically and mentor others. This role brings me closer to that. How does this role fit into your career path?,"['plan', 'aspiration']"
How do you contribute to a positive team environment?,Culture Fit,Software Engineer,intern,Medium,STAR-Based,"I thrive in collaborative, transparent environments where innovation and respect are valued. How do you contribute to a positive team environment?","['belief', 'culture']"
Tell me about a conflict you had with a coworker and how you resolved it.,Conflict Resolution,Product Manager,1 year,Hard,Behavioral,"When faced with conflict, I approach it calmly and try to understand all perspectives before finding a solution together. Tell me about a conflict you had with a coworker and how you resolved it.","['challenge', 'disagree']"
Describe a time you handled a difficult situation professionally.,Conflict Resolution,HR Specialist,6 years,Easy,Open-Ended,"When faced with conflict, I approach it calmly and try to understand all perspectives before finding a solution together. Describe a time you handled a difficult situation professionally.","['conflict', 'problem']"
Describe a project where teamwork was essential to success.,Team Collaboration,UX Designer,3 years,Easy,Situational,"I believe communication and mutual respect are key to successful collaboration. In one project, we achieved X because of great teamwork. Describe a project where teamwork was essential to success.","['partner', 'cooperate']"
How do you delegate tasks effectively?,Leadership,Product Manager,5 years,Hard,Situational,"I lead by example and encourage open communication and accountability. One time, I led a team through X and we achieved Y. How do you delegate tasks effectively?","['lead', 'mentor']"
Tell me about a time you had to learn something completely new quickly.,Adaptability,Software Engineer,7+ years,Medium,STAR-Based,"I'm always eager to learn and embrace change as a way to improve. For example, I once had to switch to a new tech stack and picked it up quickly. Tell me about a time you had to learn something completely new quickly.","['learn', 'new']"
Tell me about a time you worked well within a team.,Team Collaboration,Software Engineer,fresher,Easy,Behavioral,"I believe communication and mutual respect are key to successful collaboration. In one project, we achieved X because of great teamwork. Tell me about a time you worked well within a team.","['collaboration', 'cooperate']"
Describe a project where teamwork was essential to success.,Team Collaboration,Software Engineer,4 years,Medium,STAR-Based,"I believe communication and mutual respect are key to successful collaboration. In one project, we achieved X because of great teamwork. Describe a project where teamwork was essential to success.","['group', 'partner']"
What are your long-term career aspirations?,Career Goals,Data Scientist,7+ years,Hard,Open-Ended,My long-term goal is to grow into a senior role where I can contribute more strategically and mentor others. This role brings me closer to that. What are your long-term career aspirations?,"['future', 'next step']"
How do you motivate others in a leadership role?,Leadership,DevOps Engineer,6 years,Easy,Situational,"I lead by example and encourage open communication and accountability. One time, I led a team through X and we achieved Y. How do you motivate others in a leadership role?","['lead', 'supervise']"
Describe a time you handled a difficult situation professionally.,Conflict Resolution,Data Scientist,7+ years,Easy,Open-Ended,"When faced with conflict, I approach it calmly and try to understand all perspectives before finding a solution together. Describe a time you handled a difficult situation professionally.","['resolve', 'conflict']"
Describe a time you failed and what you learned from it.,Adaptability,DevOps Engineer,2 years,Hard,Open-Ended,"I'm always eager to learn and embrace change as a way to improve. For example, I once had to switch to a new tech stack and picked it up quickly. Describe a time you failed and what you learned from it.","['learn', 'new']"
Tell me about a time you worked well within a team.,Team Collaboration,HR Specialist,3 years,Medium,Open-Ended,"I believe communication and mutual respect are key to successful collaboration. In one project, we achieved X because of great teamwork. Tell me about a time you worked well within a team.","['team', 'collaboration']"
How do you ensure productivity when working remotely?,Work Style,HR Specialist,1 year,Easy,STAR-Based,I follow a structured workflow and use tools like Jira/Trello/Notion to manage my tasks efficiently. How do you ensure productivity when working remotely?,"['daily routine', 'method']"
Describe a time you led a project or team.,Leadership,Product Manager,intern,Easy,Open-Ended,"I lead by example and encourage open communication and accountability. One time, I led a team through X and we achieved Y. Describe a time you led a project or team.","['mentor', 'manage']"
Tell me about a time you were highly motivated to achieve a goal.,Motivation,Product Manager,3 years,Hard,Behavioral,I'm motivated by challenges and the opportunity to grow both personally and professionally. Tell me about a time you were highly motivated to achieve a goal.,"['goal', 'drive']"
How do you organize and prioritize your daily tasks?,Work Style,Marketing Associate,7+ years,Easy,Situational,I follow a structured workflow and use tools like Jira/Trello/Notion to manage my tasks efficiently. How do you organize and prioritize your daily tasks?,"['process', 'workflow']"
Tell me about a time you were highly motivated to achieve a goal.,Motivation,Software Engineer,6 years,Easy,Behavioral,I'm motivated by challenges and the opportunity to grow both personally and professionally. Tell me about a time you were highly motivated to achieve a goal.,"['drive', 'why']"
How do you ensure productivity when working remotely?,Work Style,DevOps Engineer,2 years,Hard,Open-Ended,I follow a structured workflow and use tools like Jira/Trello/Notion to manage my tasks efficiently. How do you ensure productivity when working remotely?,"['daily routine', 'workflow']"
How do you ensure productivity when working remotely?,Work Style,Data Scientist,2 years,Easy,Situational,I follow a structured workflow and use tools like Jira/Trello/Notion to manage my tasks efficiently. How do you ensure productivity when working remotely?,"['daily routine', 'tool']"
Describe a time you led a project or team.,Leadership,HR Specialist,fresher,Medium,Open-Ended,"I lead by example and encourage open communication and accountability. One time, I led a team through X and we achieved Y. Describe a time you led a project or team.","['supervise', 'manage']"
Describe a time you handled a difficult situation professionally.,Conflict Resolution,DevOps Engineer,2 years,Medium,STAR-Based,"When faced with conflict, I approach it calmly and try to understand all perspectives before finding a solution together. Describe a time you handled a difficult situation professionally.","['problem', 'conflict']"
What role do you usually play in group settings?,Team Collaboration,Product Manager,fresher,Hard,Situational,"I believe communication and mutual respect are key to successful collaboration. In one project, we achieved X because of great teamwork. What role do you usually play in group settings?","['group', 'collaboration']"
What kind of growth opportunities are you looking for?,Career Goals,Software Engineer,2 years,Hard,Situational,My long-term goal is to grow into a senior role where I can contribute more strategically and mentor others. This role brings me closer to that. What kind of growth opportunities are you looking for?,"['aspiration', 'plan']"
What kind of growth opportunities are you looking for?,Career Goals,Marketing Associate,6 years,Easy,Situational,My long-term goal is to grow into a senior role where I can contribute more strategically and mentor others. This role brings me closer to that. What kind of growth opportunities are you looking for?,"['aspiration', 'plan']"
Describe a time you felt out of place in a workplace culture.,Culture Fit,DevOps Engineer,3 years,Medium,STAR-Based,"I thrive in collaborative, transparent environments where innovation and respect are valued. Describe a time you felt out of place in a workplace culture.","['company', 'value']"
Describe your ideal workday.,Work Style,Software Engineer,7+ years,Easy,Situational,I follow a structured workflow and use tools like Jira/Trello/Notion to manage my tasks efficiently. Describe your ideal workday.,"['process', 'tool']"
Why do you want to work at our company?,Motivation,HR Specialist,3 years,Easy,Situational,I'm motivated by challenges and the opportunity to grow both personally and professionally. Why do you want to work at our company?,"['goal', 'reason']"
How do you react to sudden changes in priorities?,Adaptability,Software Engineer,4 years,Hard,Open-Ended,"I'm always eager to learn and embrace change as a way to improve. For example, I once had to switch to a new tech stack and picked it up quickly. How do you react to sudden changes in priorities?","['change', 'new']"
Describe a time you felt out of place in a workplace culture.,Culture Fit,Product Manager,5 years,Easy,STAR-Based,"I thrive in collaborative, transparent environments where innovation and respect are valued. Describe a time you felt out of place in a workplace culture.","['fit', 'culture']"
Describe a project where teamwork was essential to success.,Team Collaboration,HR Specialist,4 years,Hard,Behavioral,"I believe communication and mutual respect are key to successful collaboration. In one project, we achieved X because of great teamwork. Describe a project where teamwork was essential to success.","['group', 'cooperate']"
How do you build trust with new teammates?,Team Collaboration,Software Engineer,intern,Hard,Open-Ended,"I believe communication and mutual respect are key to successful collaboration. In one project, we achieved X because of great teamwork. How do you build trust with new teammates?","['group', 'partner']"
What tools or methods help you stay organized?,Work Style,Software Engineer,3 years,Easy,Situational,I follow a structured workflow and use tools like Jira/Trello/Notion to manage my tasks efficiently. What tools or methods help you stay organized?,"['method', 'tool']"
How do you react to sudden changes in priorities?,Adaptability,Marketing Associate,intern,Medium,Behavioral,"I'm always eager to learn and embrace change as a way to improve. For example, I once had to switch to a new tech stack and picked it up quickly. How do you react to sudden changes in priorities?","['adjust', 'new']"
How do you deal with feedback that you disagree with?,Conflict Resolution,DevOps Engineer,4 years,Easy,STAR-Based,"When faced with conflict, I approach it calmly and try to understand all perspectives before finding a solution together. How do you deal with feedback that you disagree with?","['challenge', 'disagree']"
Do you prefer working independently or in teams? Why?,Work Style,QA Analyst,fresher,Medium,STAR-Based,I follow a structured workflow and use tools like Jira/Trello/Notion to manage my tasks efficiently. Do you prefer working independently or in teams? Why?,"['tool', 'method']"
What type of company culture do you thrive in?,Culture Fit,UX Designer,5 years,Medium,STAR-Based,"I thrive in collaborative, transparent environments where innovation and respect are valued. What type of company culture do you thrive in?","['belief', 'value']"
Tell me about a time you worked well within a team.,Team Collaboration,Data Scientist,fresher,Hard,Open-Ended,"I believe communication and mutual respect are key to successful collaboration. In one project, we achieved X because of great teamwork. Tell me about a time you worked well within a team.","['group', 'cooperate']"
How do you respond when a teammate isn't pulling their weight?,Conflict Resolution,DevOps Engineer,6 years,Medium,STAR-Based,"When faced with conflict, I approach it calmly and try to understand all perspectives before finding a solution together. How do you respond when a teammate isn't pulling their weight?","['challenge', 'problem']"
Tell me about a time you had to learn something completely new quickly.,Adaptability,Marketing Associate,1 year,Easy,STAR-Based,"I'm always eager to learn and embrace change as a way to improve. For example, I once had to switch to a new tech stack and picked it up quickly. Tell me about a time you had to learn something completely new quickly.","['learn', 'flexible']"
How do you motivate others in a leadership role?,Leadership,HR Specialist,2 years,Medium,STAR-Based,"I lead by example and encourage open communication and accountability. One time, I led a team through X and we achieved Y. How do you motivate others in a leadership role?","['manage', 'guide']"
What would you do if you disagreed with your manager?,Conflict Resolution,Data Scientist,fresher,Easy,Open-Ended,"When faced with conflict, I approach it calmly and try to understand all perspectives before finding a solution together. What would you do if you disagreed with your manager?","['challenge', 'problem']"
Tell me about a time you had to learn something completely new quickly.,Adaptability,HR Specialist,1 year,Easy,Behavioral,"I'm always eager to learn and embrace change as a way to improve. For example, I once had to switch to a new tech stack and picked it up quickly. Tell me about a time you had to learn something completely new quickly.","['change', 'flexible']"
How do you ensure productivity when working remotely?,Work Style,QA Analyst,6 years,Hard,Open-Ended,I follow a structured workflow and use tools like Jira/Trello/Notion to manage my tasks efficiently. How do you ensure productivity when working remotely?,"['daily routine', 'process']"
What drives your passion for this field?,Motivation,HR Specialist,intern,Medium,Open-Ended,I'm motivated by challenges and the opportunity to grow both personally and professionally. What drives your passion for this field?,"['passion', 'drive']"
What are your expectations from leadership in a company?,Culture Fit,HR Specialist,1 year,Easy,STAR-Based,"I thrive in collaborative, transparent environments where innovation and respect are valued. What are your expectations from leadership in a company?","['culture', 'value']"
Describe a time you failed and what you learned from it.,Adaptability,HR Specialist,1 year,Easy,Open-Ended,"I'm always eager to learn and embrace change as a way to improve. For example, I once had to switch to a new tech stack and picked it up quickly. Describe a time you failed and what you learned from it.","['flexible', 'change']"
Tell me about a time you mentored someone.,Leadership,Marketing Associate,5 years,Hard,STAR-Based,"I lead by example and encourage open communication and accountability. One time, I led a team through X and we achieved Y. Tell me about a time you mentored someone.","['lead', 'guide']"
What makes a good leader in your opinion?,Leadership,UX Designer,4 years,Easy,Situational,"I lead by example and encourage open communication and accountability. One time, I led a team through X and we achieved Y. What makes a good leader in your opinion?","['lead', 'manage']"
How do you delegate tasks effectively?,Leadership,UX Designer,4 years,Easy,Situational,"I lead by example and encourage open communication and accountability. One time, I led a team through X and we achieved Y. How do you delegate tasks effectively?","['lead', 'guide']"
What are your expectations from leadership in a company?,Culture Fit,UX Designer,intern,Medium,Behavioral,"I thrive in collaborative, transparent environments where innovation and respect are valued. What are your expectations from leadership in a company?","['belief', 'value']"
How do you delegate tasks effectively?,Leadership,DevOps Engineer,5 years,Easy,Behavioral,"I lead by example and encourage open communication and accountability. One time, I led a team through X and we achieved Y. How do you delegate tasks effectively?","['supervise', 'lead']"
Do you prefer working independently or in teams? Why?,Work Style,Marketing Associate,fresher,Medium,Open-Ended,I follow a structured workflow and use tools like Jira/Trello/Notion to manage my tasks efficiently. Do you prefer working independently or in teams? Why?,"['daily routine', 'method']"
How do you stay updated with industry trends?,Adaptability,Product Manager,4 years,Easy,Behavioral,"I'm always eager to learn and embrace change as a way to improve. For example, I once had to switch to a new tech stack and picked it up quickly. How do you stay updated with industry trends?","['change', 'flexible']"
Describe a time you handled a difficult situation professionally.,Conflict Resolution,Marketing Associate,intern,Hard,STAR-Based,"When faced with conflict, I approach it calmly and try to understand all perspectives before finding a solution together. Describe a time you handled a difficult situation professionally.","['conflict', 'challenge']"
What would you do if you disagreed with your manager?,Conflict Resolution,Marketing Associate,intern,Hard,Situational,"When faced with conflict, I approach it calmly and try to understand all perspectives before finding a solution together. What would you do if you disagreed with your manager?","['resolve', 'conflict']"
What kind of growth opportunities are you looking for?,Career Goals,HR Specialist,1 year,Easy,Behavioral,My long-term goal is to grow into a senior role where I can contribute more strategically and mentor others. This role brings me closer to that. What kind of growth opportunities are you looking for?,"['next step', 'dream']"
Describe a time you felt out of place in a workplace culture.,Culture Fit,QA Analyst,7+ years,Hard,Open-Ended,"I thrive in collaborative, transparent environments where innovation and respect are valued. Describe a time you felt out of place in a workplace culture.","['culture', 'company']"
Tell me about a conflict you had with a coworker and how you resolved it.,Conflict Resolution,HR Specialist,6 years,Hard,Situational,"When faced with conflict, I approach it calmly and try to understand all perspectives before finding a solution together. Tell me about a conflict you had with a coworker and how you resolved it.","['problem', 'disagree']"
What are your long-term career aspirations?,Career Goals,Software Engineer,7+ years,Hard,Open-Ended,My long-term goal is to grow into a senior role where I can contribute more strategically and mentor others. This role brings me closer to that. What are your long-term career aspirations?,"['future', 'next step']"
What tools or methods help you stay organized?,Work Style,UX Designer,5 years,Hard,STAR-Based,I follow a structured workflow and use tools like Jira/Trello/Notion to manage my tasks efficiently. What tools or methods help you stay organized?,"['method', 'daily routine']"
Why do you want to work at our company?,Motivation,DevOps Engineer,2 years,Medium,STAR-Based,I'm motivated by challenges and the opportunity to grow both personally and professionally. Why do you want to work at our company?,"['passion', 'drive']"
How do you motivate others in a leadership role?,Leadership,Product Manager,4 years,Hard,Open-Ended,"I lead by example and encourage open communication and accountability. One time, I led a team through X and we achieved Y. How do you motivate others in a leadership role?","['lead', 'guide']"
What makes a good leader in your opinion?,Leadership,Marketing Associate,5 years,Easy,STAR-Based,"I lead by example and encourage open communication and accountability. One time, I led a team through X and we achieved Y. What makes a good leader in your opinion?","['mentor', 'lead']"
How do you stay updated with industry trends?,Adaptability,HR Specialist,5 years,Medium,Situational,"I'm always eager to learn and embrace change as a way to improve. For example, I once had to switch to a new tech stack and picked it up quickly. How do you stay updated with industry trends?","['learn', 'adjust']"
What makes a good leader in your opinion?,Leadership,HR Specialist,2 years,Hard,Situational,"I lead by example and encourage open communication and accountability. One time, I led a team through X and we achieved Y. What makes a good leader in your opinion?","['lead', 'guide']"
Describe your ideal workday.,Work Style,QA Analyst,fresher,Hard,Open-Ended,I follow a structured workflow and use tools like Jira/Trello/Notion to manage my tasks efficiently. Describe your ideal workday.,"['tool', 'process']"
How do you motivate others in a leadership role?,Leadership,UX Designer,3 years,Hard,Open-Ended,"I lead by example and encourage open communication and accountability. One time, I led a team through X and we achieved Y. How do you motivate others in a leadership role?","['supervise', 'lead']"
What are your expectations from leadership in a company?,Culture Fit,DevOps Engineer,intern,Easy,Behavioral,"I thrive in collaborative, transparent environments where innovation and respect are valued. What are your expectations from leadership in a company?","['fit', 'environment']"
What kind of growth opportunities are you looking for?,Career Goals,Product Manager,intern,Easy,Behavioral,My long-term goal is to grow into a senior role where I can contribute more strategically and mentor others. This role brings me closer to that. What kind of growth opportunities are you looking for?,"['next step', 'aspiration']"
Tell me about a time you were highly motivated to achieve a goal.,Motivation,QA Analyst,4 years,Easy,STAR-Based,I'm motivated by challenges and the opportunity to grow both personally and professionally. Tell me about a time you were highly motivated to achieve a goal.,"['drive', 'reason']"
How do you react to sudden changes in priorities?,Adaptability,DevOps Engineer,intern,Medium,Open-Ended,"I'm always eager to learn and embrace change as a way to improve. For example, I once had to switch to a new tech stack and picked it up quickly. How do you react to sudden changes in priorities?","['flexible', 'learn']"
What's the most significant change you've had to adapt to at work?,Adaptability,UX Designer,6 years,Hard,STAR-Based,"I'm always eager to learn and embrace change as a way to improve. For example, I once had to switch to a new tech stack and picked it up quickly. What's the most significant change you've had to adapt to at work?","['adjust', 'new']"
How do you handle disagreements within a team?,Team Collaboration,HR Specialist,3 years,Hard,Open-Ended,"I believe communication and mutual respect are key to successful collaboration. In one project, we achieved X because of great teamwork. How do you handle disagreements within a team?","['group', 'collaboration']"
Describe a project where teamwork was essential to success.,Team Collaboration,QA Analyst,1 year,Easy,Situational,"I believe communication and mutual respect are key to successful collaboration. In one project, we achieved X because of great teamwork. Describe a project where teamwork was essential to success.","['collaboration', 'partner']"
What would you do if you disagreed with your manager?,Conflict Resolution,QA Analyst,2 years,Hard,Situational,"When faced with conflict, I approach it calmly and try to understand all perspectives before finding a solution together. What would you do if you disagreed with your manager?","['disagree', 'challenge']"
How do you delegate tasks effectively?,Leadership,QA Analyst,3 years,Hard,Behavioral,"I lead by example and encourage open communication and accountability. One time, I led a team through X and we achieved Y. How do you delegate tasks effectively?","['mentor', 'supervise']"
Tell me about a time you mentored someone.,Leadership,Product Manager,3 years,Hard,Situational,"I lead by example and encourage open communication and accountability. One time, I led a team through X and we achieved Y. Tell me about a time you mentored someone.","['supervise', 'mentor']"
How do you stay updated with industry trends?,Adaptability,Software Engineer,intern,Medium,Behavioral,"I'm always eager to learn and embrace change as a way to improve. For example, I once had to switch to a new tech stack and picked it up quickly. How do you stay updated with industry trends?","['new', 'change']"
What skills do you hope to develop in your next role?,Career Goals,Software Engineer,7+ years,Medium,STAR-Based,My long-term goal is to grow into a senior role where I can contribute more strategically and mentor others. This role brings me closer to that. What skills do you hope to develop in your next role?,"['future', 'aspiration']"
Describe a time you led a project or team.,Leadership,QA Analyst,intern,Easy,Situational,"I lead by example and encourage open communication and accountability. One time, I led a team through X and we achieved Y. Describe a time you led a project or team.","['mentor', 'guide']"
What skills do you hope to develop in your next role?,Career Goals,UX Designer,7+ years,Hard,Behavioral,My long-term goal is to grow into a senior role where I can contribute more strategically and mentor others. This role brings me closer to that. What skills do you hope to develop in your next role?,"['dream', 'next step']"
What drives your passion for this field?,Motivation,Product Manager,3 years,Easy,STAR-Based,I'm motivated by challenges and the opportunity to grow both personally and professionally. What drives your passion for this field?,"['goal', 'drive']"
Do you prefer working independently or in teams? Why?,Work Style,Data Scientist,4 years,Easy,Behavioral,I follow a structured workflow and use tools like Jira/Trello/Notion to manage my tasks efficiently. Do you prefer working independently or in teams? Why?,"['process', 'workflow']"
Tell me about a conflict you had with a coworker and how you resolved it.,Conflict Resolution,QA Analyst,3 years,Hard,STAR-Based,"When faced with conflict, I approach it calmly and try to understand all perspectives before finding a solution together. Tell me about a conflict you had with a coworker and how you resolved it.","['disagree', 'challenge']"
How do you handle disagreements within a team?,Team Collaboration,QA Analyst,2 years,Hard,Open-Ended,"I believe communication and mutual respect are key to successful collaboration. In one project, we achieved X because of great teamwork. How do you handle disagreements within a team?","['group', 'cooperate']"
How do you respond when a teammate isn't pulling their weight?,Conflict Resolution,Software Engineer,1 year,Easy,Situational,"When faced with conflict, I approach it calmly and try to understand all perspectives before finding a solution together. How do you respond when a teammate isn't pulling their weight?","['disagree', 'conflict']"
What type of company culture do you thrive in?,Culture Fit,QA Analyst,5 years,Medium,Situational,"I thrive in collaborative, transparent environments where innovation and respect are valued. What type of company culture do you thrive in?","['fit', 'environment']"
How do you handle disagreements within a team?,Team Collaboration,Marketing Associate,intern,Hard,STAR-Based,"I believe communication and mutual respect are key to successful collaboration. In one project, we achieved X because of great teamwork. How do you handle disagreements within a team?","['group', 'team']"
What drives your passion for this field?,Motivation,Software Engineer,7+ years,Medium,Situational,I'm motivated by challenges and the opportunity to grow both personally and professionally. What drives your passion for this field?,"['why', 'reason']"
Tell me about a time you mentored someone.,Leadership,HR Specialist,5 years,Medium,STAR-Based,"I lead by example and encourage open communication and accountability. One time, I led a team through X and we achieved Y. Tell me about a time you mentored someone.","['guide', 'mentor']"
What makes a good leader in your opinion?,Leadership,Data Scientist,3 years,Medium,Behavioral,"I lead by example and encourage open communication and accountability. One time, I led a team through X and we achieved Y. What makes a good leader in your opinion?","['mentor', 'lead']"
How do you delegate tasks effectively?,Leadership,Data Scientist,2 years,Medium,Open-Ended,"I lead by example and encourage open communication and accountability. One time, I led a team through X and we achieved Y. How do you delegate tasks effectively?","['guide', 'lead']"
Describe a project where teamwork was essential to success.,Team Collaboration,Marketing Associate,2 years,Easy,Open-Ended,"I believe communication and mutual respect are key to successful collaboration. In one project, we achieved X because of great teamwork. Describe a project where teamwork was essential to success.","['team', 'cooperate']"
Why do you want to work at our company?,Motivation,Software Engineer,5 years,Easy,Situational,I'm motivated by challenges and the opportunity to grow both personally and professionally. Why do you want to work at our company?,"['goal', 'passion']"
What makes a good leader in your opinion?,Leadership,DevOps Engineer,3 years,Hard,STAR-Based,"I lead by example and encourage open communication and accountability. One time, I led a team through X and we achieved Y. What makes a good leader in your opinion?","['mentor', 'manage']"
Describe a time you failed and what you learned from it.,Adaptability,Marketing Associate,3 years,Hard,Behavioral,"I'm always eager to learn and embrace change as a way to improve. For example, I once had to switch to a new tech stack and picked it up quickly. Describe a time you failed and what you learned from it.","['flexible', 'learn']"
How does this role fit into your career path?,Career Goals,DevOps Engineer,intern,Hard,STAR-Based,My long-term goal is to grow into a senior role where I can contribute more strategically and mentor others. This role brings me closer to that. How does this role fit into your career path?,"['aspiration', 'next step']"
Tell me about a time you mentored someone.,Leadership,Data Scientist,7+ years,Medium,Situational,"I lead by example and encourage open communication and accountability. One time, I led a team through X and we achieved Y. Tell me about a time you mentored someone.","['supervise', 'manage']"
What are your long-term career aspirations?,Career Goals,UX Designer,3 years,Medium,Behavioral,My long-term goal is to grow into a senior role where I can contribute more strategically and mentor others. This role brings me closer to that. What are your long-term career aspirations?,"['plan', 'aspiration']"
What motivates you to come to work every day?,Motivation,Product Manager,4 years,Hard,Situational,I'm motivated by challenges and the opportunity to grow both personally and professionally. What motivates you to come to work every day?,"['drive', 'passion']"
Describe a time you handled a difficult situation professionally.,Conflict Resolution,QA Analyst,fresher,Medium,Open-Ended,"When faced with conflict, I approach it calmly and try to understand all perspectives before finding a solution together. Describe a time you handled a difficult situation professionally.","['resolve', 'problem']"
Where do you see yourself in 5 years?,Career Goals,HR Specialist,intern,Easy,Situational,My long-term goal is to grow into a senior role where I can contribute more strategically and mentor others. This role brings me closer to that. Where do you see yourself in 5 years?,"['next step', 'dream']"
Tell me about a time you had to learn something completely new quickly.,Adaptability,Product Manager,fresher,Hard,Open-Ended,"I'm always eager to learn and embrace change as a way to improve. For example, I once had to switch to a new tech stack and picked it up quickly. Tell me about a time you had to learn something completely new quickly.","['new', 'change']"
How do you contribute to a positive team environment?,Culture Fit,Data Scientist,7+ years,Hard,Open-Ended,"I thrive in collaborative, transparent environments where innovation and respect are valued. How do you contribute to a positive team environment?","['company', 'belief']"
